timestamp,open,high,low,close,volume,SMA_short,SMA_long,signal
2024-12-09 21:00:00,96201.0,97539.7,94140.9,96927.5,550.16606084,,,0
2024-12-09 22:00:00,96927.5,97389.3,94937.3,97031.2,216.34091646,,,0
2024-12-09 23:00:00,97031.2,97540.5,96750.0,97399.9,95.69686566,,,0
2024-12-10 00:00:00,97337.0,98160.7,97013.0,97875.0,145.41581651,,,0
2024-12-10 01:00:00,97875.0,98102.0,97593.6,97926.0,233.68510196,,,0
2024-12-10 02:00:00,97926.0,97984.7,96690.4,96771.0,75.42840516,,,0
2024-12-10 03:00:00,96771.0,96964.9,95688.2,96918.2,176.58364024,,,0
2024-12-10 04:00:00,96918.2,97092.9,96008.2,97081.1,46.40123386,,,0
2024-12-10 05:00:00,97081.1,97081.1,96620.1,96975.1,31.162143,,,0
2024-12-10 06:00:00,96975.1,97443.1,96911.1,97443.1,28.43734958,,,0
2024-12-10 07:00:00,97443.1,97489.8,96922.5,97190.0,49.8584191,,,0
2024-12-10 08:00:00,97190.0,97480.2,97022.5,97434.0,53.693908,,,0
2024-12-10 09:00:00,97434.0,97666.6,97321.0,97480.0,29.37426373,,,0
2024-12-10 10:00:00,97480.0,97876.8,97479.9,97711.1,41.85267172,,,0
2024-12-10 11:00:00,97711.1,97935.4,97499.6,97776.0,57.05729872,,,0
2024-12-10 12:00:00,97776.0,97884.0,96911.0,97115.1,23.40257654,,,0
2024-12-10 13:00:00,97150.2,97945.8,97150.2,97794.1,26.84229439,,,0
2024-12-10 14:00:00,97794.0,98267.9,97197.7,97851.5,172.03841119,,,0
2024-12-10 15:00:00,97852.8,98076.5,95650.5,95660.9,183.43988721,,,0
2024-12-10 16:00:00,95690.4,96473.0,94600.0,96374.0,323.80980007,,,0
2024-12-10 17:00:00,96373.6,96373.6,94414.9,94541.4,168.45443759,,,0
2024-12-10 18:00:00,94540.8,95521.3,94314.1,95112.2,118.86676504,,,0
2024-12-10 19:00:00,95094.7,96130.7,95044.5,95868.0,188.7612576,,,0
2024-12-10 20:00:00,95868.0,96662.0,95643.6,96485.7,95.37184899,,,0
2024-12-10 21:00:00,96463.7,97244.5,96463.7,96866.8,74.91009252,,,0
2024-12-10 22:00:00,96866.9,97145.8,96666.0,96970.9,84.75180177,,,0
2024-12-10 23:00:00,96971.0,97150.0,96512.1,96655.1,29.50305804,,,0
2024-12-11 00:00:00,96655.1,96886.1,95877.3,96452.3,92.28735745,,,0
2024-12-11 01:00:00,96452.3,96662.8,95754.0,95823.0,31.85153063,,,0
2024-12-11 02:00:00,95823.1,97408.0,95800.0,97259.5,48.023901,,,0
2024-12-11 03:00:00,97259.1,97580.6,97200.0,97400.0,24.47352598,,,0
2024-12-11 04:00:00,97400.0,97600.1,97196.1,97596.8,49.03105423,,,0
2024-12-11 05:00:00,97596.8,97645.7,97336.5,97538.8,76.3588731,,,0
2024-12-11 06:00:00,97538.8,97713.8,97466.5,97707.3,26.36357706,,,0
2024-12-11 07:00:00,97707.3,97774.3,97252.7,97416.0,34.81597479,,,0
2024-12-11 08:00:00,97416.0,98442.0,97406.3,98137.0,80.16855024,,,0
2024-12-11 09:00:00,98137.1,98195.1,97807.2,97960.0,31.72518333,,,0
2024-12-11 10:00:00,97960.1,98256.2,97900.1,98247.3,31.90368983,,,0
2024-12-11 11:00:00,98247.4,98406.6,98158.6,98320.5,56.78463888,,,0
2024-12-11 12:00:00,98320.4,98477.5,98224.0,98293.3,45.47919513,,,0
2024-12-11 13:00:00,98293.3,98880.0,98097.0,98785.3,90.21889165,,,0
2024-12-11 14:00:00,98766.0,99524.8,98409.8,99524.8,168.65293886,,,0
2024-12-11 15:00:00,99524.8,100774.8,99471.6,100420.1,248.09609373,,,0
2024-12-11 16:00:00,100420.0,101157.3,100420.0,100631.4,248.82049846,,,0
2024-12-11 17:00:00,100631.4,101064.2,99771.2,99800.7,252.78386827,,,0
2024-12-11 18:00:00,99846.7,100835.8,99700.0,100474.1,110.2243978,,,0
2024-12-11 19:00:00,100474.1,101234.0,100474.1,101211.6,280.68267238,,,0
2024-12-11 20:00:00,101211.7,101750.0,101155.3,101353.9,311.9050348,,,0
2024-12-11 21:00:00,101354.0,101608.0,100955.5,101608.0,90.58800091,,,0
2024-12-11 22:00:00,101608.0,101900.0,101281.7,101299.3,50.88378062,97809.918,,0
2024-12-11 23:00:00,101299.3,101498.1,101136.1,101177.0,41.27379205,97894.90800000001,,0
2024-12-12 00:00:00,101177.1,101223.1,100663.8,100816.4,95.98268379,97970.612,,0
2024-12-12 01:00:00,100816.7,100890.9,100434.6,100522.7,60.60825013,98033.06800000001,,0
2024-12-12 02:00:00,100522.8,101800.0,100522.8,101799.9,38.14047752,98111.56600000002,,0
2024-12-12 03:00:00,101800.0,101817.9,100918.6,101050.2,62.86732482,98174.05,,0
2024-12-12 04:00:00,101051.1,101211.0,100623.4,100708.2,29.61422086,98252.79400000001,,0
2024-12-12 05:00:00,100708.3,101070.1,100708.2,100708.3,39.11891215,98328.59599999999,,0
2024-12-12 06:00:00,100708.3,100712.4,100490.0,100563.0,57.2000794,98398.23399999998,,0
2024-12-12 07:00:00,100563.0,100805.2,100496.8,100510.9,32.59393534,98468.95,,0
2024-12-12 08:00:00,100511.0,101010.0,100510.9,100993.3,36.61680805,98539.954,,0
2024-12-12 09:00:00,100993.3,101128.1,100856.6,100856.6,28.3482274,98613.28600000002,,0
2024-12-12 10:00:00,100856.7,100856.7,100519.0,100630.0,15.00961541,98677.20600000002,,0
2024-12-12 11:00:00,100630.1,100630.1,100247.0,100368.5,66.49772832,98734.97600000001,,0
2024-12-12 12:00:00,100368.4,100878.5,100368.4,100845.9,19.75627971,98797.67199999999,,0
2024-12-12 13:00:00,100860.0,101500.0,100560.1,100926.1,79.96165322,98860.674,,0
2024-12-12 14:00:00,100926.0,101700.0,100712.1,101699.9,64.25492259,98952.37,,0
2024-12-12 15:00:00,101700.0,101880.0,100800.0,101849.5,108.25405527,99033.47799999999,,0
2024-12-12 16:00:00,101849.5,102500.0,101497.7,101547.5,238.04491992,99107.39799999999,,0
2024-12-12 17:00:00,101547.5,101719.7,101252.0,101635.1,163.24903041,99226.88200000001,,0
2024-12-12 18:00:00,101633.5,101699.9,100900.0,100900.1,44.73103141,99317.40400000001,,0
2024-12-12 19:00:00,100900.0,100998.7,99296.6,99514.4,301.02317106,99416.864,,0
2024-12-12 20:00:00,99514.4,100381.4,99513.1,99978.6,204.84722261,99514.192,,0
2024-12-12 21:00:00,99978.6,100126.6,99722.0,99800.3,67.02218213,99592.83799999999,,0
2024-12-12 22:00:00,99800.3,100449.9,99560.0,100420.8,69.47621348,99671.54,,0
2024-12-12 23:00:00,100420.8,100483.1,99937.0,100050.1,32.21913908,99735.20599999999,,0
2024-12-13 00:00:00,100050.1,100326.8,100010.1,100117.3,30.39054525,99798.134,,0
2024-12-13 01:00:00,100117.3,100121.9,99250.0,99384.8,28.03275553,99852.72799999999,,0
2024-12-13 02:00:00,99384.8,99657.6,99275.0,99460.4,26.30046616,99912.89,,0
2024-12-13 03:00:00,99460.4,99779.5,99460.3,99778.8,7.58553403,99992.006,,0
2024-12-13 04:00:00,99778.8,100025.6,99707.0,100009.9,14.5419457,100047.01400000001,,0
2024-12-13 05:00:00,100010.0,100133.7,99900.0,99910.0,29.98076324,100097.214,,0
2024-12-13 06:00:00,99910.1,100087.0,99775.0,99775.1,65.71191377,100140.78,,0
2024-12-13 07:00:00,99775.1,100243.2,99534.8,100203.3,39.90233059,100194.07,,0
2024-12-13 08:00:00,100203.4,100362.8,99931.1,100245.0,13.50928055,100244.82400000001,,0
2024-12-13 09:00:00,100245.1,100326.0,99931.0,100112.6,55.89104993,100298.75600000001,,0
2024-12-13 10:00:00,100112.7,100539.6,99938.5,100535.9,46.36494259,100346.734,,0
2024-12-13 11:00:00,100536.0,100750.0,100328.0,100415.1,37.36952068,100395.83600000001,,0
2024-12-13 12:00:00,100415.1,100443.9,100200.0,100258.5,40.11206797,100436.06,,0
2024-12-13 13:00:00,100258.6,100456.6,99931.0,100288.2,19.98972823,100475.41399999999,,0
2024-12-13 14:00:00,100288.2,101000.0,100231.1,101000.0,93.53923805,100529.548,,0
2024-12-13 15:00:00,101000.0,101350.0,99777.1,99897.8,79.93333821,100551.79800000001,,0
2024-12-13 16:00:00,99897.7,101200.0,99866.2,100993.7,65.38150943,100581.17599999999,,0
2024-12-13 17:00:00,100993.6,101750.0,100834.1,101747.2,108.20576681,100607.718,,0
2024-12-13 18:00:00,101727.7,101850.1,101296.9,101528.4,198.74222854,100625.65800000001,,0
2024-12-13 19:00:00,101528.4,101586.9,101233.2,101528.4,80.91258227,100660.212,,0
2024-12-13 20:00:00,101528.5,101905.2,101290.0,101723.8,192.18483572,100685.20600000002,,0
2024-12-13 21:00:00,101727.9,101750.4,101311.0,101358.9,25.06686509,100688.15199999999,,0
2024-12-13 22:00:00,101358.9,101420.6,101136.0,101302.0,35.98993174,100687.114,,0
2024-12-13 23:00:00,101301.9,101483.2,101140.3,101483.1,22.48537414,100684.61600000001,,0
2024-12-14 00:00:00,101483.1,101483.2,101222.0,101229.2,37.42835748,100683.21399999998,,0
2024-12-14 01:00:00,101229.2,102637.2,101229.2,102159.0,221.40790286,100702.85399999999,,0
2024-12-14 02:00:00,102159.1,102228.0,101647.1,102060.2,65.70798192,100727.73,,0
2024-12-14 03:00:00,102060.1,102270.9,102060.0,102138.1,14.18711427,100760.038,,0
2024-12-14 04:00:00,102138.1,102138.1,101629.4,101721.5,26.86038451,100758.47,,0
2024-12-14 05:00:00,101721.5,101799.9,101696.2,101731.0,9.87253352,100772.08600000001,,0
2024-12-14 06:00:00,101731.0,101984.3,101730.9,101900.7,48.5058668,100795.936,,0
2024-12-14 07:00:00,101900.8,101900.8,101690.0,101855.4,10.4126968,100818.87800000001,,0
2024-12-14 08:00:00,101855.4,101855.4,101619.2,101790.0,25.42514529,100843.418,,0
2024-12-14 09:00:00,101789.2,101789.2,101506.0,101550.0,29.65674118,100864.2,,0
2024-12-14 10:00:00,101550.0,101575.2,101331.5,101553.6,34.4535593,100875.406,,0
2024-12-14 11:00:00,101553.6,101676.4,101450.0,101567.5,13.25779114,100889.62399999998,,0
2024-12-14 12:00:00,101567.5,101615.5,101276.0,101287.3,23.21661511,100902.77,,0
2024-12-14 13:00:00,101282.5,101397.2,100891.4,101150.3,63.32370449,100918.406,,0
2024-12-14 14:00:00,101150.3,101500.0,101150.3,101437.7,47.08439918,100930.24200000001,,0
2024-12-14 15:00:00,101437.7,101727.0,101339.0,101608.1,24.24631419,100943.882,,0
2024-12-14 16:00:00,101608.0,101627.8,101451.7,101613.9,16.74511369,100942.16200000001,,0
2024-12-14 17:00:00,101628.4,101680.3,100926.7,101000.0,48.38047215,100925.172,,0
2024-12-14 18:00:00,101000.0,101117.0,100857.4,100899.8,45.85336079,100912.21800000001,,0
2024-12-14 19:00:00,100877.9,101351.9,100870.0,101317.8,31.24833944,100905.87199999999,,0
2024-12-14 20:00:00,101317.8,101388.0,100666.0,100744.3,28.83838766,100902.756,,0
2024-12-14 21:00:00,100744.3,101173.5,100744.3,101085.8,25.07094861,100934.18399999998,,0
2024-12-14 22:00:00,101085.8,101200.0,100964.1,101152.1,20.1036317,100957.65400000001,,0
2024-12-14 23:00:00,101152.0,101448.7,101033.3,101400.1,15.34918699,100989.65,,0
2024-12-15 00:00:00,101400.1,101550.1,101222.5,101399.9,32.84630124,101009.23200000002,,0
2024-12-15 01:00:00,101399.9,102100.0,101399.9,102099.9,46.15979914,101050.22799999999,,0
2024-12-15 02:00:00,102099.9,102099.9,101744.3,101799.9,44.68203755,101083.88,,0
2024-12-15 03:00:00,101799.9,101875.0,101700.7,101742.1,5.28118813,101131.026,,0
2024-12-15 04:00:00,101742.1,102750.0,101723.4,102299.9,195.56564121,101187.81599999999,,0
2024-12-15 05:00:00,102300.0,102420.9,102111.5,102111.6,45.02913881,101234.472,,0
2024-12-15 06:00:00,102111.6,102111.6,101747.4,101756.0,60.08344208,101269.39399999999,,0
2024-12-15 07:00:00,101756.1,101854.6,101536.8,101671.9,28.6467582,101304.632,,0
2024-12-15 08:00:00,101672.0,101958.9,101560.8,101956.1,6.14431302,101348.252,,0
2024-12-15 09:00:00,101956.1,102148.3,101930.5,102148.3,10.18507385,101387.15200000002,,0
2024-12-15 10:00:00,102148.3,102382.0,102148.2,102269.4,26.11142664,101427.64,,0
2024-12-15 11:00:00,102269.5,102628.7,102199.2,102623.7,111.3048974,101477.862,,0
2024-12-15 12:00:00,102623.7,103224.0,102493.0,102820.5,220.25982518,101523.554,,0
2024-12-15 13:00:00,102820.6,102920.0,102419.9,102730.0,43.78550702,101569.852,,0
2024-12-15 14:00:00,102730.1,102989.0,102589.2,102895.9,98.25501038,101622.6,,0
2024-12-15 15:00:00,102896.0,102910.0,102644.8,102644.8,69.17178083,101669.73200000002,,0
2024-12-15 16:00:00,102644.7,103348.8,102600.0,103060.0,101.55999324,101710.93200000002,,0
2024-12-15 17:00:00,103060.0,103299.9,102955.6,103091.1,36.84251537,101774.798,,0
2024-12-15 18:00:00,103092.8,103250.0,102974.8,103139.8,23.81416449,101817.72,,0
2024-12-15 19:00:00,103139.9,103348.9,103133.1,103218.1,34.11042129,101847.138,,0
2024-12-15 20:00:00,103218.1,103356.9,103057.1,103086.2,33.50513033,101878.29400000001,,0
2024-12-15 21:00:00,103086.2,103086.2,102650.0,102814.6,25.67191959,101904.01800000001,,0
2024-12-15 22:00:00,102814.6,103330.0,102650.0,103252.1,164.32803147,101934.58399999999,,0
2024-12-15 23:00:00,103252.0,105000.0,103252.0,104355.2,573.05085878,101994.51,,0
2024-12-16 00:00:00,104355.3,106487.1,104300.0,105303.6,440.65210813,102074.54200000002,,0
2024-12-16 01:00:00,105303.7,105440.0,104904.1,105440.0,306.00349316,102153.68,,0
2024-12-16 02:00:00,105440.0,105539.0,104430.0,104569.6,207.22832534,102220.48800000001,,0
2024-12-16 03:00:00,104569.6,104954.7,104328.6,104544.8,92.61672588,102268.204,,0
2024-12-16 04:00:00,104544.8,104789.2,104427.5,104660.0,50.8626277,102320.2,,0
2024-12-16 05:00:00,104660.0,105020.0,104471.7,104996.9,45.77780047,102377.37599999999,,0
2024-12-16 06:00:00,104997.0,105249.0,104949.3,105109.3,102.72922384,102445.132,,0
2024-12-16 07:00:00,105109.4,105338.0,104934.4,104959.7,48.0516946,102509.70599999999,,0
2024-12-16 08:00:00,104959.8,104959.8,104516.4,104516.5,35.07901007,102562.02200000001,,0
2024-12-16 09:00:00,104516.5,104909.9,104516.4,104669.3,47.57824815,102618.3,,0
2024-12-16 10:00:00,104669.4,104670.7,104333.0,104634.3,98.20326577,102675.186,,0
2024-12-16 11:00:00,104634.3,104732.1,103666.0,103759.1,132.55158662,102719.368,,0
2024-12-16 12:00:00,103759.1,104100.0,103319.4,103569.4,86.47511782,102759.68400000001,,0
2024-12-16 13:00:00,103569.4,104078.4,103432.1,103848.0,82.13521456,102805.29400000001,,0
2024-12-16 14:00:00,103848.0,105970.0,103835.3,105392.7,206.44854726,102887.40199999999,,0
2024-12-16 15:00:00,105400.7,106471.4,105270.1,106354.8,380.87961577,102991.492,,0
2024-12-16 16:00:00,106354.8,107100.0,106194.9,106817.5,239.24956659,103099.08799999999,,0
2024-12-16 17:00:00,106817.5,107125.1,106710.8,107072.0,191.48233737,103208.366,,0
2024-12-16 18:00:00,107072.0,107777.0,106930.0,107099.9,326.48859442,103318.086,,0
2024-12-16 19:00:00,107100.0,107100.0,104501.9,106590.0,582.02181377,103429.886,,0
2024-12-16 20:00:00,106590.0,106642.0,105755.1,105810.1,475.06404304,103528.09199999999,,0
2024-12-16 21:00:00,105837.3,106280.1,105651.0,106056.5,258.58900645,103622.866,,0
2024-12-16 22:00:00,106056.6,106258.1,105699.9,105778.9,31.58330183,103723.558,,0
2024-12-16 23:00:00,105777.9,106067.3,105524.0,106067.2,57.79751883,103823.18600000002,,0
2024-12-17 00:00:00,106070.2,106216.0,105696.9,105892.1,108.1854859,103917.98599999999,,0
2024-12-17 01:00:00,105892.0,106450.9,105800.0,106388.7,111.89674826,104017.758,,0
2024-12-17 02:00:00,106388.8,106516.0,106248.6,106267.1,36.73455256,104115.102,,0
2024-12-17 03:00:00,106267.0,106931.1,106267.0,106873.2,77.36797698,104210.56800000001,,0
2024-12-17 04:00:00,106873.2,106873.2,106421.5,106505.3,29.20580329,104304.67599999999,,0
2024-12-17 05:00:00,106505.4,106800.0,106498.3,106799.7,36.1512603,104405.82800000001,,0
2024-12-17 06:00:00,106799.8,106800.0,106357.8,106522.4,28.73292355,104490.278,,0
2024-12-17 07:00:00,106522.5,107036.1,106460.9,106804.0,46.31420821,104584.12600000002,,0
2024-12-17 08:00:00,106804.1,107450.0,106804.1,107418.4,96.61104023,104697.37400000001,,0
2024-12-17 09:00:00,107418.5,107443.0,107133.7,107278.5,47.51347658,104809.506,,0
2024-12-17 10:00:00,107279.5,107280.0,106960.0,107185.2,34.63138923,104914.088,,0
2024-12-17 11:00:00,107185.3,107300.4,106734.3,106828.7,80.25076137,105007.696,,0
2024-12-17 12:00:00,106828.7,107151.2,106530.2,107151.2,165.33464987,105105.33200000001,,0
2024-12-17 13:00:00,107151.1,107599.8,107008.0,107274.8,61.96372286,105198.354,,0
2024-12-17 14:00:00,107274.7,108297.6,107057.6,108241.9,361.43479236,105306.78199999999,,0
2024-12-17 15:00:00,108262.9,108262.9,105750.0,106473.6,723.61574397,105381.65400000001,,0
2024-12-17 16:00:00,106473.6,107011.6,106169.9,107000.0,147.73472737,105463.73599999999,,0
2024-12-17 17:00:00,107000.0,107618.1,106715.1,107524.4,74.18641483,105561.328,,0
2024-12-17 18:00:00,107524.4,107649.1,106391.0,106524.0,665.82186386,105630.608,,0
2024-12-17 19:00:00,106524.0,106963.5,105857.0,106481.1,760.08256029,105698.40800000001,,0
2024-12-17 20:00:00,106481.0,106857.7,106096.0,106740.0,250.98085043,105770.41200000001,,0
2024-12-17 21:00:00,106740.0,106776.0,106266.2,106410.2,41.20366687,105834.254,,0
2024-12-17 22:00:00,106410.2,106410.2,105124.0,105968.6,400.555585,105891.90199999999,,0
2024-12-17 23:00:00,105968.6,106306.6,105529.9,106151.9,298.37937958,105958.648,,0
2024-12-18 00:00:00,106152.0,106489.3,105702.0,106130.1,23.25182362,106016.20800000001,,0
2024-12-18 01:00:00,106130.1,106450.0,104888.1,105317.3,125.29537379,106035.45,,0
2024-12-18 02:00:00,105374.0,105641.0,105110.0,105314.7,56.35046916,106035.67199999999,,0
2024-12-18 03:00:00,105314.6,105314.7,104599.9,104794.3,198.67152419,106022.75799999999,,0
2024-12-18 04:00:00,104794.3,104794.3,103605.0,103874.9,169.98731783,106008.864,101680.621,1
2024-12-18 05:00:00,103874.9,104102.1,103297.0,103551.9,99.75909001,105989.006,101713.743,1
2024-12-18 06:00:00,103551.9,103978.5,103207.8,103761.1,89.10873659,105971.028,101747.3925,1
2024-12-18 07:00:00,103761.1,104305.2,103761.0,104249.8,48.09847134,105956.086,101781.64199999999,1
2024-12-18 08:00:00,104249.9,104342.3,103761.0,103799.9,30.65784863,105929.898,101811.26649999998,1
2024-12-18 09:00:00,103800.0,104347.0,103799.9,104070.1,23.45667862,105912.106,101841.987,1
2024-12-18 10:00:00,104070.1,104643.0,104009.8,104554.1,88.1053687,105912.858,101880.9025,1
2024-12-18 11:00:00,104554.2,104985.8,104529.7,104939.9,43.4786906,105918.27,101921.011,1
2024-12-18 12:00:00,104939.9,105310.4,104700.0,104918.0,64.52692586,105923.944,101960.1955,1
2024-12-18 13:00:00,104918.0,105215.7,104579.1,104579.1,26.34026925,105940.34399999998,101998.2155,1
2024-12-18 14:00:00,104579.2,104822.8,103822.7,103999.1,73.85758165,105948.93800000001,102030.99549999999,1
2024-12-18 15:00:00,103999.1,104475.5,103610.8,104432.3,38.53302047,105960.62400000001,102067.207,1
2024-12-18 16:00:00,104432.3,104432.3,103444.1,104089.8,55.84629535,105934.56599999999,102100.48599999999,1
2024-12-18 17:00:00,104089.8,104805.2,103899.0,104651.5,32.95898518,105900.5,102136.3435,1
2024-12-18 18:00:00,104651.6,104914.5,104200.0,104775.8,167.41645412,105859.666,102171.66700000002,1
2024-12-18 19:00:00,104775.7,104775.7,102769.5,102769.6,212.34687052,105773.618,102196.635,1
2024-12-18 20:00:00,102769.5,102868.6,100222.2,100797.7,893.06656515,105647.57400000001,102215.048,1
2024-12-18 21:00:00,100752.4,101634.8,100356.6,100966.3,129.84020295,105535.1,102230.909,1
2024-12-18 22:00:00,100966.3,101439.8,100599.8,101131.6,53.45274463,105441.53,102247.30950000002,1
2024-12-18 23:00:00,101140.5,101140.5,100027.8,100166.1,270.38573073,105323.72200000001,102269.83549999999,1
2024-12-19 00:00:00,100166.1,100914.0,100066.8,100690.8,93.94214295,105221.96,102291.41949999999,1
2024-12-19 01:00:00,100690.7,100796.4,99583.0,99690.0,132.97020687,105094.416,102317.1625,1
2024-12-19 02:00:00,99690.0,100366.0,98728.4,100366.0,248.61438362,104983.894,102343.4315,1
2024-12-19 03:00:00,100365.9,101233.8,100365.9,101160.0,85.45837121,104879.32,102369.8915,1
2024-12-19 04:00:00,101160.1,101160.1,100627.6,100627.7,64.16109994,104766.532,102390.60149999999,1
2024-12-19 05:00:00,100627.7,101342.5,100612.4,101289.9,27.63795762,104654.866,102412.717,1
2024-12-19 06:00:00,101290.0,101329.0,101001.0,101207.2,60.64669794,104548.90400000001,102433.8985,1
2024-12-19 07:00:00,101207.2,101678.9,101124.3,101667.3,55.47044152,104446.256,102458.95950000001,1
2024-12-19 08:00:00,101667.3,101778.5,101317.4,101672.1,52.5126626,104349.25,102485.0585,1
2024-12-19 09:00:00,101672.1,101786.4,101507.8,101770.3,37.33314043,104248.576,102514.795,1
2024-12-19 10:00:00,101770.3,102500.0,101693.0,102384.3,98.97407269,104147.894,102540.41900000001,1
2024-12-19 11:00:00,102384.3,102459.7,102205.0,102380.1,30.1941486,104049.92600000002,102565.31950000001,1
2024-12-19 12:00:00,102380.1,102472.9,101817.2,101864.7,53.99192346,103943.516,102586.659,1
2024-12-19 13:00:00,101864.7,102127.8,101602.4,101879.1,57.48407751,103844.524,102608.3605,1
2024-12-19 14:00:00,101879.1,102750.0,100702.7,100853.7,126.03925071,103718.57400000001,102624.0925,1
2024-12-19 15:00:00,100856.7,100955.2,99477.1,100632.5,280.82693273,103585.728,102640.175,1
2024-12-19 16:00:00,100632.6,101034.0,99817.5,100607.1,285.73205247,103433.032,102652.52549999999,1
2024-12-19 17:00:00,100607.1,100650.1,97320.6,98681.2,279.07519704,103277.18400000001,102656.13149999999,1
2024-12-19 18:00:00,98681.2,98811.1,96718.6,98811.1,367.54339352,103113.406,102658.9505,1
2024-12-19 19:00:00,98811.2,98930.0,96112.2,97099.5,415.62641821,102904.90800000001,102652.84550000001,1
2024-12-19 20:00:00,97090.8,97172.9,95586.4,96231.8,419.47891363,102699.064,102642.538,1
2024-12-19 21:00:00,96266.6,97923.6,95686.4,97338.0,145.3488229,102516.20199999999,102635.3015,-1
2024-12-19 22:00:00,97338.0,98307.7,97151.2,98257.4,103.12504016,102346.55,102628.96449999999,-1
2024-12-19 23:00:00,98262.0,98276.9,97362.0,97431.4,60.806036,102166.974,102614.02100000001,-1
2024-12-20 00:00:00,97431.5,97652.8,96616.4,97158.1,74.51616272,101990.76400000001,102596.65449999999,-1
2024-12-20 01:00:00,97158.1,97413.5,96130.7,96145.2,93.20923554,101790.63,102578.377,-1
2024-12-20 02:00:00,96212.0,97602.8,95882.9,97513.2,52.63312281,101618.29200000002,102563.5725,-1
2024-12-20 03:00:00,97513.2,97653.8,96930.0,97008.5,28.32429708,101452.11600000001,102542.55700000002,-1
2024-12-20 04:00:00,97008.6,97731.1,96810.8,97256.1,31.42104882,101290.944,102522.06799999998,-1
2024-12-20 05:00:00,97256.1,97397.3,96616.4,96700.2,26.62736049,101129.062,102497.52899999998,-1
2024-12-20 06:00:00,96700.1,97209.5,96350.3,97127.8,47.7659785,100994.12,102476.6715,-1
2024-12-20 07:00:00,97127.9,98064.7,97127.9,97687.1,44.93849873,100876.82400000001,102459.22200000001,-1
2024-12-20 08:00:00,97687.2,97720.0,95160.1,95317.9,241.1992992,100707.96,102431.72949999999,-1
2024-12-20 09:00:00,95318.0,95563.0,94635.0,94675.3,179.65092521,100516.47,102402.4925,-1
2024-12-20 10:00:00,94675.3,94908.2,93900.0,94207.5,238.97814651,100324.62199999999,102364.53050000001,-1
2024-12-20 11:00:00,94224.0,94496.9,92500.0,92565.5,371.26435938,100094.53,102322.10699999999,-1
2024-12-20 12:00:00,92565.9,94150.5,92159.0,93806.8,158.50529499,99879.584,102287.6,-1
2024-12-20 13:00:00,93806.9,95676.4,93514.0,95084.9,224.32755124,99682.484,102259.483,-1
2024-12-20 14:00:00,95111.3,96056.3,94676.9,95551.3,177.33867771,99495.15,102234.4245,-1
2024-12-20 15:00:00,95551.3,97409.1,95535.2,96875.9,183.03094441,99341.08600000001,102216.24949999999,-1
2024-12-20 16:00:00,96875.9,97637.3,96261.4,96707.7,211.82162706,99195.258,102194.8215,-1
2024-12-20 17:00:00,96707.7,97326.2,96384.9,97205.6,80.10170105,99050.724,102176.5665,-1
2024-12-20 18:00:00,97205.6,97220.0,96600.0,96939.3,54.54913831,98907.714,102158.11300000001,-1
2024-12-20 19:00:00,96947.6,97699.0,96842.6,97092.9,120.93053362,98756.54200000002,102141.735,-1
2024-12-20 20:00:00,97092.9,97194.2,96406.5,96406.5,49.37645006,98589.15600000002,102119.53799999999,-1
2024-12-20 21:00:00,96402.5,96520.0,95350.0,96499.9,233.48160592,98463.76199999999,102097.407,-1
2024-12-20 22:00:00,96500.0,97455.5,96440.3,97403.3,162.49092418,98395.87400000001,102075.924,-1
2024-12-20 23:00:00,97403.2,97782.7,97384.5,97781.8,59.09474051,98332.18400000001,102055.58549999999,-1
2024-12-21 00:00:00,97781.8,97792.1,97221.0,97520.4,36.84410049,98259.96,102035.45,-1
2024-12-21 01:00:00,97520.4,97594.7,97225.0,97380.1,19.27165804,98204.24,102014.175,-1
2024-12-21 02:00:00,97380.1,97548.5,97184.0,97368.0,60.22265808,98137.784,101996.51449999999,-1
2024-12-21 03:00:00,97368.0,97390.5,97232.0,97390.5,27.01234571,98091.79400000001,101985.895,-1
2024-12-21 04:00:00,97390.5,97558.2,97338.5,97552.1,16.18727945,98035.516,101973.7625,-1
2024-12-21 05:00:00,97552.2,98633.8,97499.8,98633.8,95.23937376,97984.992,101967.93,-1
2024-12-21 06:00:00,98635.5,98750.0,98323.0,98658.9,45.36474956,97945.616,101959.12049999999,-1
2024-12-21 07:00:00,98659.0,99575.4,98438.1,98980.2,106.90456732,97899.422,101953.771,-1
2024-12-21 08:00:00,98980.3,99052.6,98442.0,98611.4,46.0212456,97847.506,101946.2415,-1
2024-12-21 09:00:00,98611.5,98621.4,98249.9,98555.1,34.25215885,97785.26200000002,101942.093,-1
2024-12-21 10:00:00,98555.1,98598.8,98053.0,98053.1,55.73562076,97712.882,101935.0565,-1
2024-12-21 11:00:00,98053.1,98317.0,97777.0,98275.7,61.45539671,97642.99,101927.541,-1
2024-12-21 12:00:00,98275.7,98275.7,97069.1,97112.6,53.06635487,97537.556,101913.05450000001,-1
2024-12-21 13:00:00,97112.6,97437.3,96359.8,97300.2,127.2855837,97435.95799999998,101900.00550000001,-1
2024-12-21 14:00:00,97300.3,97653.7,97067.2,97102.0,73.20041883,97340.704,101886.64,-1
2024-12-21 15:00:00,97102.0,97677.0,97101.9,97492.9,46.85686242,97252.98,101873.08799999999,-1
2024-12-21 16:00:00,97492.9,97662.2,96930.2,97241.9,39.60877859,97180.74399999999,101858.0725,-1
2024-12-21 17:00:00,97242.0,97648.9,97069.6,97605.1,23.10941855,97120.196,101845.535,-1
2024-12-21 18:00:00,97605.1,97628.6,97295.1,97300.1,15.55441635,97054.056,101829.356,-1
2024-12-21 19:00:00,97300.1,97350.0,96763.4,97200.0,32.94306302,97024.43199999999,101813.28050000001,-1
2024-12-21 20:00:00,97200.0,97958.6,97199.9,97424.9,50.16662284,96996.70800000001,101799.1125,-1
2024-12-21 21:00:00,97425.0,97524.1,96555.0,96937.8,53.66533504,96993.474,101782.3605,-1
2024-12-21 22:00:00,96840.2,97312.1,96600.0,97083.2,28.68872181,97010.50200000001,101762.77649999998,-1
2024-12-21 23:00:00,97083.0,97237.4,96853.6,97232.6,9.40686539,97008.394,101749.4505,-1
2024-12-22 00:00:00,97232.7,97314.5,97012.4,97173.0,20.33641601,96986.70599999999,101730.347,-1
2024-12-22 01:00:00,97173.1,97321.3,96700.2,97056.3,31.66482559,96979.20399999998,101706.8925,-1
2024-12-22 02:00:00,97056.4,97089.0,96600.0,96627.1,9.00058151,96968.584,101682.386,-1
2024-12-22 03:00:00,96662.9,97162.9,96509.2,96900.7,13.85006402,96983.694,101659.2475,-1
2024-12-22 04:00:00,96900.7,97016.0,96027.0,96028.1,18.08298043,96953.992,101630.769,-1
2024-12-22 05:00:00,96021.1,96328.0,95842.8,96085.4,24.16561193,96935.53,101604.4015,-1
2024-12-22 06:00:00,96081.4,96669.2,96057.0,96669.2,7.61657824,96923.79199999999,101581.2375,-1
2024-12-22 07:00:00,96669.2,96732.4,96040.1,96064.1,8.66807696,96911.07,101554.1425,-1
2024-12-22 08:00:00,96073.2,96568.8,96073.1,96525.3,14.22168479,96899.02,101530.62299999999,-1
2024-12-22 09:00:00,96525.4,97100.6,96253.3,96920.0,8.96066283,96883.67800000001,101504.42799999999,-1
2024-12-22 10:00:00,96920.1,97244.5,96832.1,96978.0,39.0185353,96916.88,101479.01699999999,-1
2024-12-22 11:00:00,96978.1,97205.0,96966.0,97035.0,9.08826152,96964.07400000001,101453.5015,-1
2024-12-22 12:00:00,97035.0,97184.1,96761.5,96968.0,23.6890433,97019.284,101429.734,-1
2024-12-22 13:00:00,96968.1,97182.5,96777.0,96903.0,13.67785658,97106.034,101405.594,-1
2024-12-22 14:00:00,96907.8,96934.9,95235.2,95266.7,84.24960235,97135.23200000002,101372.42399999998,-1
2024-12-22 15:00:00,95286.5,95569.9,95063.9,95281.1,221.92118151,97139.156,101339.5525,-1
2024-12-22 16:00:00,95281.1,95739.3,95127.1,95639.3,23.26578557,97140.916,101308.799,-1
2024-12-22 17:00:00,95639.3,95782.1,95400.7,95537.1,18.12696236,97114.14,101278.73449999999,-1
2024-12-22 18:00:00,95537.1,96357.3,95383.9,95891.8,32.12351278,97097.82199999999,101250.42549999998,-1
2024-12-22 19:00:00,95891.8,96021.5,94664.7,94667.8,70.13208135,97047.06599999999,101215.927,-1
2024-12-22 20:00:00,94743.4,95508.6,94349.4,95508.6,62.46488496,97018.452,101187.03350000002,-1
2024-12-22 21:00:00,95508.6,95635.8,95052.5,95099.9,23.93999374,96978.59199999999,101156.7815,-1
2024-12-22 22:00:00,95099.9,95441.1,94201.1,95441.1,43.97181363,96959.284,101126.79850000002,-1
2024-12-22 23:00:00,95441.0,95624.5,94961.3,95101.9,21.26941012,96931.32400000001,101094.2675,-1
2024-12-23 00:00:00,95101.9,95253.1,94280.2,94320.4,36.91068726,96869.666,101057.8,-1
2024-12-23 01:00:00,94320.4,94968.0,93700.0,94359.4,51.86627368,96801.218,101024.59700000001,-1
2024-12-23 02:00:00,94359.5,94586.1,93666.0,94586.1,61.79822273,96742.532,100993.0285,-1
2024-12-23 03:00:00,94586.1,95896.1,94523.6,95896.1,39.34910629,96712.852,100965.92,-1
2024-12-23 04:00:00,95896.1,96403.0,95569.5,95724.7,38.93583289,96679.98599999999,100940.82199999999,-1
2024-12-23 05:00:00,95724.7,95864.0,95315.2,95498.8,13.86745443,96642.15199999999,100912.88699999999,-1
2024-12-23 06:00:00,95498.9,95498.9,94621.6,94752.2,60.59938845,96586.15400000001,100880.8875,-1
2024-12-23 07:00:00,94752.3,95395.3,94743.2,95265.0,101.46830017,96518.778,100850.212,-1
2024-12-23 08:00:00,95287.4,95443.9,95000.0,95443.9,11.43788682,96454.478,100820.43200000002,-1
2024-12-23 09:00:00,95443.9,96014.5,95443.8,95919.3,25.36803053,96393.26,100789.52899999998,-1
2024-12-23 10:00:00,95919.3,96272.9,95852.4,96269.2,48.99340508,96346.41600000001,100761.87550000001,-1
2024-12-23 11:00:00,96272.2,96338.6,95762.3,95804.0,36.20059508,96291.394,100732.185,-1
2024-12-23 12:00:00,95804.0,96280.7,95762.3,96200.1,21.51915562,96254.334,100701.686,-1
2024-12-23 13:00:00,96200.1,96200.1,94737.0,94784.3,38.14422696,96184.506,100665.0495,-1
2024-12-23 14:00:00,94800.0,95426.9,93615.0,94259.4,88.72994144,96127.44200000001,100627.56649999999,-1
2024-12-23 15:00:00,94250.9,94250.9,93001.0,93119.3,165.93047959,96043.82400000001,100584.8035,-1
2024-12-23 16:00:00,93119.3,94088.0,92800.9,93868.5,256.17321575,95979.15400000001,100544.36549999999,-1
2024-12-23 17:00:00,93869.2,93985.7,93150.0,93270.1,73.31177959,95894.69799999999,100499.97450000001,-1
2024-12-23 18:00:00,93270.1,93570.9,92604.3,92641.8,62.5771926,95802.69600000001,100451.8365,-1
2024-12-23 19:00:00,92641.8,93525.2,92595.3,92913.0,44.38095177,95708.854,100403.28300000001,-1
2024-12-23 20:00:00,92912.9,93323.4,92417.0,93076.5,104.97349788,95624.38200000001,100354.56300000001,-1
2024-12-23 21:00:00,93048.1,94110.6,93048.1,93888.0,105.24977856,95558.142,100310.353,-1
2024-12-23 22:00:00,93888.0,94974.7,93768.3,94974.7,46.8642438,95509.13799999999,100270.74700000002,-1
2024-12-23 23:00:00,94976.3,95331.1,94569.1,94699.4,73.48327839,95464.37,100231.02,-1
2024-12-24 00:00:00,94699.4,94700.0,94068.1,94450.1,28.67918631,95411.70799999998,100187.97050000001,-1
2024-12-24 01:00:00,94450.0,94497.5,93922.0,94010.3,20.30464957,95347.26200000002,100142.5665,-1
2024-12-24 02:00:00,94010.3,94190.1,93500.0,93789.5,45.337849,95279.592,100095.815,-1
2024-12-24 03:00:00,93791.8,94200.0,93686.8,94197.8,7.93845679,95222.422,100050.7135,-1
2024-12-24 04:00:00,94197.8,94299.3,93969.1,94278.2,46.97219399,95175.444,100006.67350000002,-1
2024-12-24 05:00:00,94284.1,94461.3,94210.8,94425.0,13.21878749,95125.93,99964.7255,-1
2024-12-24 06:00:00,94425.0,94425.0,93761.2,93761.2,16.52829413,95080.59199999999,99917.271,-1
2024-12-24 07:00:00,93761.3,94118.1,93738.7,94107.5,6.4879786,95041.03399999999,99866.0325,-1
2024-12-24 08:00:00,94107.5,94441.5,94037.4,94346.0,12.52659395,94994.57,99811.24450000002,-1
2024-12-24 09:00:00,94346.1,94346.7,93873.7,94013.8,31.50682932,94953.564,99754.11350000002,-1
2024-12-24 10:00:00,93960.6,93975.1,93738.7,93891.7,53.21659761,94900.89199999999,99700.724,-1
2024-12-24 11:00:00,93891.8,94250.0,93800.0,94250.0,20.64369027,94847.492,99649.25,-1
2024-12-24 12:00:00,94250.0,94250.0,93942.7,94169.4,19.39215699,94791.32,99596.79699999999,-1
2024-12-24 13:00:00,94167.8,95953.5,94167.7,95953.5,84.55694624,94769.69,99551.58,-1
2024-12-24 14:00:00,95960.1,97380.0,95820.0,97379.9,246.02582469,94777.92800000001,99512.933,-1
2024-12-24 15:00:00,97380.0,98230.2,97183.6,98217.1,101.77850939,94804.21,99479.22,-1
2024-12-24 16:00:00,98217.1,98548.4,97886.1,98500.0,129.07483206,94868.87599999999,99449.1375,-1
2024-12-24 17:00:00,98500.1,98944.1,98299.0,98779.2,82.27827322,94938.838,99419.68699999999,-1
2024-12-24 18:00:00,98779.2,99400.0,98359.5,98568.4,206.63889358,94997.42,99389.3575,-1
2024-12-24 19:00:00,98568.0,98681.1,97533.9,97578.1,106.40618363,95038.24,99358.4525,-1
2024-12-24 20:00:00,97578.1,97958.0,97221.2,97221.3,118.26952656,95064.83,99326.712,-1
2024-12-24 21:00:00,97221.3,98367.6,97221.2,98334.1,63.18615891,95138.156,99299.1425,-1
2024-12-24 22:00:00,98334.1,98998.4,98334.1,98689.3,39.14344289,95201.77,99265.62550000001,-1
2024-12-24 23:00:00,98689.3,98918.5,98451.1,98647.2,33.68796716,95272.716,99227.0875,-1
2024-12-25 00:00:00,98647.2,98795.7,98400.0,98400.1,91.46723946,95331.896,99185.0005,-1
2024-12-25 01:00:00,98400.0,98461.7,97892.3,97984.1,22.33860856,95389.54,99139.561,-1
2024-12-25 02:00:00,97984.1,98250.2,97690.8,98084.4,21.57565268,95464.82,99094.4835,-1
2024-12-25 03:00:00,98084.4,98207.9,97869.4,97956.1,13.54217055,95536.754,99051.314,-1
2024-12-25 04:00:00,97956.2,98283.4,97805.9,98175.1,8.62301263,95608.534,99013.13900000001,-1
2024-12-25 05:00:00,98175.1,98237.0,98110.0,98225.0,5.35414476,95655.11200000001,98973.98150000001,-1
2024-12-25 06:00:00,98225.0,98493.8,97783.2,97815.1,13.70614921,95696.92,98934.1625,-1
2024-12-25 07:00:00,97815.2,98286.0,97809.6,98016.7,13.8959307,95747.278,98893.91,-1
2024-12-25 08:00:00,98016.7,98153.8,97857.0,97932.0,29.61855647,95810.87400000001,98854.10949999999,-1
2024-12-25 09:00:00,97932.1,98104.7,97932.0,98104.7,24.80297255,95867.668,98812.68950000001,-1
2024-12-25 10:00:00,98093.6,99189.8,98071.7,98312.1,67.01046064,95925.03199999999,98772.9145,-1
2024-12-25 11:00:00,98312.1,98724.9,97717.4,97785.2,20.50907166,95962.35,98727.4745,-1
2024-12-25 12:00:00,97785.2,98465.6,97600.0,98091.1,54.81832148,95998.78799999999,98685.4035,-1
2024-12-25 13:00:00,98091.1,98477.5,98055.6,98375.0,56.67277263,96050.20799999998,98643.28,-1
2024-12-25 14:00:00,98375.0,98700.0,98200.0,98564.7,15.3574442,96097.5,98603.4915,-1
2024-12-25 15:00:00,98564.7,98622.1,98180.4,98412.2,18.02479402,96170.058,98561.5325,-1
2024-12-25 16:00:00,98424.1,98631.0,98049.0,98374.1,11.30923539,96252.352,98516.311,-1
2024-12-25 17:00:00,98374.1,98560.5,98150.0,98472.1,15.96034231,96359.40800000001,98472.27900000001,-1
2024-12-25 18:00:00,98472.1,98864.7,98472.0,98648.1,21.30050684,96455.0,98429.5935,-1
2024-12-25 19:00:00,98633.7,99125.0,98633.7,98942.4,59.21196539,96568.44600000001,98390.16200000001,-1
2024-12-25 20:00:00,98942.4,99248.5,98829.1,99064.0,30.2474189,96696.89,98349.72600000001,-1
2024-12-25 21:00:00,99064.1,99395.0,98325.0,98391.1,33.81087178,96806.45199999999,98305.3075,-1
2024-12-25 22:00:00,98414.1,98950.0,98357.4,98735.3,10.2938805,96919.62799999998,98257.7745,-1
2024-12-25 23:00:00,98749.1,99411.6,98749.1,99310.8,22.15894781,97028.08399999999,98221.9605,-1
2024-12-26 00:00:00,99328.2,99821.8,98927.5,98959.3,116.05371695,97107.77600000001,98181.75700000001,-1
2024-12-26 01:00:00,98959.0,99168.7,98591.4,99000.1,9.6079024,97193.79,98139.13549999999,-1
2024-12-26 02:00:00,99000.1,99098.7,98477.5,98646.2,16.33720712,97277.71200000001,98099.74649999998,-1
2024-12-26 03:00:00,98646.2,98984.0,98557.0,98907.1,17.27977602,97375.64799999999,98061.8765,-1
2024-12-26 04:00:00,98907.1,98907.1,98225.0,98243.1,19.48994833,97464.72,98019.392,-1
2024-12-26 05:00:00,98243.1,98342.9,98041.3,98307.2,58.960547,97546.908,97978.87700000001,-1
2024-12-26 06:00:00,98307.2,98319.2,97939.2,98006.1,22.31993612,97621.466,97939.0645,-1
2024-12-26 07:00:00,98006.2,98174.1,97700.6,97700.6,21.38892573,97686.97799999999,97896.808,-1
2024-12-26 08:00:00,97700.4,97700.5,95578.6,95814.2,166.1032985,97728.038,97845.2285,-1
2024-12-26 09:00:00,95799.9,95864.3,95372.0,95372.0,57.67030154,97753.32800000001,97795.502,-1
2024-12-26 10:00:00,95371.5,95665.3,95166.7,95401.1,26.40839464,97774.43,97745.93400000001,1
2024-12-26 11:00:00,95401.1,95923.3,95401.1,95580.1,31.27186634,97805.756,97699.86299999998,1
2024-12-26 12:00:00,95580.1,95750.0,95350.9,95591.9,126.36745022,97839.76,97658.448,1
2024-12-26 13:00:00,95591.9,95610.0,95158.0,95590.2,70.2227481,97866.564,97618.63949999999,1
2024-12-26 14:00:00,95590.2,96110.0,95139.1,95335.0,62.66419389,97889.87599999999,97576.509,1
2024-12-26 15:00:00,95335.1,96092.0,95157.0,95969.1,72.19130636,97890.18800000001,97535.1055,1
2024-12-26 16:00:00,95969.1,96568.7,95750.0,96427.1,71.18900168,97871.132,97498.2415,1
2024-12-26 17:00:00,96427.2,96469.8,95659.0,95720.6,34.77633826,97821.20199999999,97456.494,1
2024-12-26 18:00:00,95720.6,95901.7,95418.5,95657.2,38.29290902,97764.34599999999,97412.00949999999,1
2024-12-26 19:00:00,95639.2,96076.1,95347.5,96006.4,87.84573608,97708.89,97367.34199999999,1
2024-12-26 20:00:00,96006.4,96020.4,95303.9,95450.3,33.46634413,97646.528,97320.00349999999,1
2024-12-26 21:00:00,95450.3,95785.3,95207.0,95662.4,64.28621086,97608.214,97275.42,1
2024-12-26 22:00:00,95665.7,95831.3,95517.5,95750.8,22.47159878,97578.804,97234.1785,1
2024-12-26 23:00:00,95750.8,95750.8,95275.2,95645.0,39.96479605,97525.02200000001,97190.242,1
2024-12-27 00:00:00,95660.9,95770.3,95275.2,95659.0,36.50560551,97464.416,97148.08799999999,1
2024-12-27 01:00:00,95659.0,96015.2,95474.3,95790.0,211.17878979,97407.27200000001,97103.7805,1
2024-12-27 02:00:00,95790.1,96231.0,95590.1,95853.1,37.15399109,97356.332,97059.16699999999,1
2024-12-27 03:00:00,95853.1,96231.0,95853.0,96231.0,41.27684619,97321.27,97026.474,1
2024-12-27 04:00:00,96231.0,96321.0,96135.1,96135.1,79.88254716,97282.284,97003.16100000002,1
2024-12-27 05:00:00,96135.1,96174.1,95858.0,96108.6,18.80483914,97245.334,96978.8725,1
2024-12-27 06:00:00,96108.7,96422.0,96021.1,96422.0,112.30622858,97210.272,96955.32449999999,1
2024-12-27 07:00:00,96422.0,96422.0,94561.9,94943.2,96.31014169,97144.636,96929.21,1
2024-12-27 08:00:00,94943.2,96252.4,94943.2,95618.3,67.37764021,97100.7,96903.8475,1
2024-12-27 09:00:00,95618.1,97308.6,95567.3,96659.9,258.02134676,97073.564,96888.69700000001,1
2024-12-27 10:00:00,96660.0,96866.4,96130.7,96469.3,37.81165219,97044.31,96869.2135,1
2024-12-27 11:00:00,96469.3,96755.6,96267.9,96755.6,15.94449168,97017.328,96847.1915,1
2024-12-27 12:00:00,96755.6,96852.6,96530.4,96557.6,18.74266335,96982.23800000001,96826.84100000001,1
2024-12-27 13:00:00,96557.7,96557.7,96211.5,96268.6,25.68367876,96951.906,96801.73449999999,1
2024-12-27 14:00:00,96268.6,96360.1,95091.0,95546.3,43.99159677,96901.01,96773.43,1
2024-12-27 15:00:00,95550.0,95550.0,93876.8,94419.0,119.56673736,96821.89,96737.18849999999,1
2024-12-27 16:00:00,94430.3,94847.5,93968.0,94000.0,110.62387405,96730.59599999999,96698.82800000001,1
2024-12-27 17:00:00,94000.0,94144.5,93300.0,94144.5,177.34975059,96645.242,96660.69900000001,-1
2024-12-27 18:00:00,94144.5,94574.7,94144.4,94446.1,35.43514853,96566.68200000002,96621.008,-1
2024-12-27 19:00:00,94446.1,94631.5,94149.9,94575.1,38.83213299,96488.742,96581.983,-1
2024-12-27 20:00:00,94575.1,94575.1,94178.3,94424.2,80.8064743,96404.26400000001,96544.7805,-1
2024-12-27 21:00:00,94424.2,94676.9,94233.4,94393.5,37.55710411,96313.286,96507.3525,-1
2024-12-27 22:00:00,94386.3,94491.0,94057.2,94287.5,40.02324776,96217.756,96474.52149999999,-1
2024-12-27 23:00:00,94287.6,94314.1,94033.7,94148.9,39.9916461,96132.912,96442.1035,-1
2024-12-28 00:00:00,94147.6,94344.0,94115.6,94262.6,8.72577222,96043.45800000001,96410.381,-1
2024-12-28 01:00:00,94262.1,94400.0,94033.5,94375.3,13.10070267,95944.748,96388.8515,-1
2024-12-28 02:00:00,94375.3,94407.9,94200.0,94202.5,6.40680764,95849.612,96365.8085,-1
2024-12-28 03:00:00,94200.2,94519.9,94200.0,94460.3,5.08258527,95758.81599999999,96352.6125,-1
2024-12-28 04:00:00,94460.3,94478.7,94364.1,94408.0,5.87130114,95674.052,96343.4935,-1
2024-12-28 05:00:00,94408.1,94589.3,94398.7,94515.1,17.07304913,95586.21200000001,96329.379,-1
2024-12-28 06:00:00,94515.1,94515.1,94300.0,94300.0,18.64216724,95507.35,96309.592,-1
2024-12-28 07:00:00,94300.1,94422.0,94161.8,94165.1,23.75648269,95424.508,96293.26049999999,-1
2024-12-28 08:00:00,94165.1,94327.2,94165.1,94318.0,7.23111741,95350.746,96279.06,-1
2024-12-28 09:00:00,94318.1,94495.0,94318.0,94495.0,10.6496416,95286.634,96270.80900000001,-1
2024-12-28 10:00:00,94495.0,94560.6,94319.3,94507.8,32.83890992,95260.506,96255.78199999999,-1
2024-12-28 11:00:00,94507.8,94649.9,94464.8,94620.1,18.68499599,95245.46800000001,96243.84,-1
2024-12-28 12:00:00,94620.1,94688.2,94442.4,94442.4,14.63882819,95226.29400000001,96229.7715,-1
2024-12-28 13:00:00,94442.4,94588.9,94350.1,94488.6,14.39492281,95204.464,96218.71350000001,-1
2024-12-28 14:00:00,94488.6,95120.2,94318.0,94418.8,65.77932048,95181.00200000001,96205.1685,-1
2024-12-28 15:00:00,94418.9,94650.0,94250.0,94250.0,13.58698611,95154.198,96187.983,-1
2024-12-28 16:00:00,94250.1,94717.9,94250.0,94686.1,20.45389541,95141.22,96184.82400000001,-1
2024-12-28 17:00:00,94686.1,95000.0,94686.0,94864.1,29.48754964,95119.12,96185.76800000001,-1
2024-12-28 18:00:00,94864.8,94874.6,94579.9,94672.4,11.11856433,95084.026,96188.0925,-1
2024-12-28 19:00:00,94672.4,94888.0,94672.4,94856.9,11.90772983,95066.75200000001,96199.5495,-1
2024-12-28 20:00:00,94856.8,94947.4,94713.9,94906.5,20.20970198,95051.73800000001,96205.048,-1
2024-12-28 21:00:00,94906.5,94991.0,94850.0,94991.0,15.64706784,95031.43,96204.5785,-1
2024-12-28 22:00:00,94991.0,95497.0,94949.9,95212.0,58.4956658,95026.664,96202.882,-1
2024-12-28 23:00:00,95212.0,95212.0,95000.0,95204.1,4.08818589,95017.49799999999,96194.523,-1
2024-12-29 00:00:00,95204.1,95204.1,94898.2,94975.3,12.83063207,95001.98800000001,96185.86099999999,-1
2024-12-29 01:00:00,94975.3,95020.9,94725.0,94725.1,11.45408311,94983.59,96173.4585,-1
2024-12-29 02:00:00,94725.1,94988.0,94725.0,94986.0,20.71383148,94970.13,96163.692,-1
2024-12-29 03:00:00,94986.0,95000.0,94829.3,95000.0,2.39712056,94954.33,96153.2275,-1
2024-12-29 04:00:00,95000.0,95035.6,94905.1,94961.9,2.92900273,94936.50600000001,96146.00450000001,-1
2024-12-29 05:00:00,94962.0,95030.0,94927.0,94952.1,4.22198262,94910.92800000001,96138.2655,-1
2024-12-29 06:00:00,94952.1,94999.0,94853.0,94999.0,7.67953353,94888.20599999999,96126.24399999999,-1
2024-12-29 07:00:00,94999.0,95033.0,94952.1,95033.0,5.41287416,94866.694,96112.5,-1
2024-12-29 08:00:00,95033.0,95097.4,94990.5,94990.6,3.60455497,94838.06599999999,96099.851,-1
2024-12-29 09:00:00,94990.6,95057.1,94916.4,95030.1,73.43250118,94839.804,96088.10100000001,-1
2024-12-29 10:00:00,95030.1,95066.1,94966.6,95001.8,3.94684306,94827.474,96076.27,-1
2024-12-29 11:00:00,95001.8,95021.7,94909.8,94938.6,33.54209112,94793.048,96064.0105,-1
2024-12-29 12:00:00,94938.6,94968.4,94767.9,94767.9,16.80645257,94759.02,96050.08949999999,-1
2024-12-29 13:00:00,94768.0,94842.1,94664.0,94750.0,28.69302932,94718.90800000001,96030.6705,-1
2024-12-29 14:00:00,94750.0,95041.0,93963.9,94500.0,104.15290445,94677.756,96009.87599999999,-1
2024-12-29 15:00:00,94500.1,94565.0,94288.0,94426.1,22.16684703,94640.906,95987.1055,-1
2024-12-29 16:00:00,94426.1,94426.1,93497.1,93745.5,55.42059766,94604.89,95962.776,-1
2024-12-29 17:00:00,93745.5,93945.7,93680.0,93784.9,34.84817678,94592.20800000001,95938.925,-1
2024-12-29 18:00:00,93784.9,93784.9,93460.7,93500.1,28.21974672,94582.21,95916.16,-1
2024-12-29 19:00:00,93500.1,93700.1,93255.0,93456.9,33.1149902,94568.45800000001,95892.06599999999,-1
2024-12-29 20:00:00,93456.9,93683.5,93250.0,93668.8,15.43280906,94552.912,95874.847,-1
2024-12-29 21:00:00,93668.8,93700.0,93060.0,93273.0,85.7147651,94526.87,95854.711,-1
2024-12-29 22:00:00,93255.1,93514.0,92950.0,92950.1,45.59558369,94497.388,95833.95150000001,-1
2024-12-29 23:00:00,92950.1,93671.2,92860.7,93551.0,46.21617357,94480.538,95814.24200000001,-1
2024-12-30 00:00:00,93551.0,93659.7,93350.0,93350.1,34.40310862,94461.79,95794.783,-1
2024-12-30 01:00:00,93350.1,94000.0,93246.4,93744.0,34.21174608,94453.69200000001,95775.4775,-1
2024-12-30 02:00:00,93744.0,93761.2,93296.6,93690.0,38.42096832,94442.24,95757.427,-1
2024-12-30 03:00:00,93690.0,93849.6,93469.1,93521.2,9.81806231,94425.15800000001,95739.03300000001,-1
2024-12-30 04:00:00,93521.3,93697.7,93099.8,93099.8,14.92386603,94403.104,95717.4075,-1
2024-12-30 05:00:00,93099.8,93330.7,93033.0,93307.1,18.23358455,94380.04,95699.254,-1
2024-12-30 06:00:00,93307.1,93794.9,93307.0,93680.0,14.57190934,94365.48,95682.23800000001,-1
2024-12-30 07:00:00,93680.0,93680.0,93189.1,93561.1,11.92614682,94346.4,95663.88050000001,-1
2024-12-30 08:00:00,93561.1,93745.0,93555.0,93663.3,58.19843975,94333.666,95646.332,-1
2024-12-30 09:00:00,93663.3,93800.0,93522.0,93689.1,34.45438756,94324.146,95629.496,-1
2024-12-30 10:00:00,93689.2,93804.9,93567.1,93636.5,32.32475602,94310.516,95614.543,-1
2024-12-30 11:00:00,93636.5,93759.5,93314.5,93740.3,7.34246715,94295.422,95598.741,-1
2024-12-30 12:00:00,93740.3,94064.2,93592.0,93621.0,38.42742238,94277.68600000002,95586.70550000001,-1
2024-12-30 13:00:00,93621.0,93621.0,92431.9,92490.4,83.86572416,94235.09199999999,95568.73049999999,-1
2024-12-30 14:00:00,92490.3,92927.2,91600.0,91632.3,329.41898367,94178.89,95543.546,-1
2024-12-30 15:00:00,91632.4,92252.8,91256.6,91924.6,323.01018521,94127.61,95522.84850000002,-1
2024-12-30 16:00:00,91909.7,92019.2,91648.9,91931.9,116.29185877,94077.87199999999,95499.8815,-1
2024-12-30 17:00:00,91930.4,94009.0,91800.0,93737.0,285.35419207,94067.612,95483.96650000001,-1
2024-12-30 18:00:00,93737.0,94500.0,93400.0,94434.6,106.03151685,94062.58200000001,95471.2495,-1
2024-12-30 19:00:00,94434.7,94480.5,93817.4,94248.2,35.15854389,94050.26400000001,95457.31550000001,-1
2024-12-30 20:00:00,94248.2,94858.7,94160.5,94185.1,222.50111494,94040.51800000001,95443.40100000001,-1
2024-12-30 21:00:00,94185.2,94185.2,91769.9,91894.5,209.58895049,93981.27,95418.35850000002,-1
2024-12-30 22:00:00,91899.6,92799.0,91800.0,92561.9,54.71469228,93934.37800000001,95404.83450000001,-1
2024-12-30 23:00:00,92561.9,92672.6,92250.0,92611.3,55.09910093,93886.784,95391.48550000001,-1
2024-12-31 00:00:00,92611.3,92671.9,92250.0,92264.4,30.22429366,93827.832,95374.61099999999,-1
2024-12-31 01:00:00,92264.5,92358.6,91934.1,92234.9,31.04008274,93768.448,95358.1,-1
2024-12-31 02:00:00,92222.0,92498.4,92109.4,92286.8,41.30690753,93714.67799999999,95340.075,-1
2024-12-31 03:00:00,92286.8,92448.5,92080.0,92329.1,33.99265478,93666.758,95328.3815,-1
2024-12-31 04:00:00,92329.1,92607.5,92240.0,92268.4,50.29615314,93612.406,95312.18049999999,-1
2024-12-31 05:00:00,92268.5,92582.6,92187.6,92439.0,8.51540071,93561.186,95298.87599999999,-1
2024-12-31 06:00:00,92439.0,92887.2,92438.9,92641.1,15.93685609,93514.77,95284.87599999999,-1
2024-12-31 07:00:00,92641.1,92751.7,92641.1,92740.9,15.04539239,93470.546,95273.071,-1
2024-12-31 08:00:00,92741.0,94461.3,92740.9,93760.5,138.36986227,93445.776,95270.2715,-1
2024-12-31 09:00:00,93747.8,93943.7,93687.5,93849.2,10.31996418,93422.1,95267.7205,-1
2024-12-31 10:00:00,93849.3,94054.1,93502.7,93933.6,13.98619705,93400.96,95264.45800000001,-1
2024-12-31 11:00:00,93933.7,94065.4,93832.5,94065.1,25.48943483,93381.66,95255.30300000001,-1
2024-12-31 12:00:00,94065.1,94750.0,94065.0,94399.6,61.94808311,93369.616,95248.6775,-1
2024-12-31 13:00:00,94399.6,95829.0,94399.5,95434.1,202.03791296,93379.52600000001,95248.354,-1
2024-12-31 14:00:00,95436.0,96040.0,95248.6,95555.1,70.64750238,93395.27,95252.36850000001,-1
2024-12-31 15:00:00,95555.1,95825.8,94847.5,95300.1,159.55975746,93406.272,95252.54400000001,-1
2024-12-31 16:00:00,95300.1,95387.6,94459.1,94686.1,83.06543101,93409.994,95248.755,-1
2024-12-31 17:00:00,94686.0,94853.8,93100.1,93963.3,98.89357831,93400.73800000001,95238.97500000002,-1
2024-12-31 18:00:00,93958.1,94236.6,93681.3,93739.3,53.58826559,93400.614,95226.32549999999,-1
2024-12-31 19:00:00,93739.3,94100.1,93607.9,93948.7,139.32931577,93403.89,95217.049,-1
2024-12-31 20:00:00,93948.7,94000.0,93323.5,93459.0,175.9229522,93403.06800000001,95203.34350000002,-1
2024-12-31 21:00:00,93414.7,93777.2,93326.7,93736.1,98.8632543,93408.65199999999,95198.1025,-1
2024-12-31 22:00:00,93736.1,93736.1,93253.8,93256.1,82.07436168,93400.398,95193.08600000001,-1
2024-12-31 23:00:00,93256.1,93515.0,93256.1,93370.9,57.49679999,93402.356,95194.344,-1
2025-01-01 00:00:00,93370.8,94250.0,93282.0,94241.7,47.5193436,93428.188,95196.21,-1
2025-01-01 01:00:00,94241.8,94241.8,93408.0,93422.6,40.9140927,93425.62,95196.9725,-1
2025-01-01 02:00:00,93422.6,93893.6,93422.0,93875.1,14.75281186,93436.12,95203.13900000001,-1
2025-01-01 03:00:00,93875.1,93875.1,93525.3,93625.1,5.45878525,93433.742,95206.69949999999,-1
2025-01-01 04:00:00,93625.1,93625.1,93327.8,93327.8,14.15110151,93426.498,95207.95599999999,-1
2025-01-01 05:00:00,93334.7,93654.5,93332.2,93628.7,9.9142892,93428.64799999999,95206.6595,-1
2025-01-01 06:00:00,93628.7,93628.7,93411.1,93521.8,20.91526156,93437.088,95199.395,-1
2025-01-01 07:00:00,93521.8,93573.0,93450.1,93518.7,6.28522062,93441.32,95193.4915,-1
2025-01-01 08:00:00,93518.7,93535.7,93164.5,93242.9,12.88525705,93432.57800000001,95187.45550000001,-1
2025-01-01 09:00:00,93243.0,93274.4,92588.1,93208.7,49.73319214,93425.53,95183.4475,-1
2025-01-01 10:00:00,93208.7,93303.5,93098.1,93099.5,21.49587769,93414.254,95179.9975,-1
2025-01-01 11:00:00,93099.5,93451.6,93007.0,93278.1,6.053596,93406.034,95175.399,-1
2025-01-01 12:00:00,93278.1,93693.7,93278.0,93624.1,59.93681261,93405.78600000002,95172.12849999999,-1
2025-01-01 13:00:00,93624.1,93783.7,93423.5,93783.7,19.21252318,93406.65399999998,95168.92199999999,-1
2025-01-01 14:00:00,93783.7,94189.7,93502.8,93967.7,25.37237552,93413.58799999999,95169.95449999999,-1
2025-01-01 15:00:00,93967.7,94200.0,93750.0,94189.8,23.80773022,93447.576,95170.366,-1
2025-01-01 16:00:00,94189.8,94200.0,93700.3,93856.8,21.13205388,93492.06600000002,95167.92,-1
2025-01-01 17:00:00,93856.8,93971.4,93603.8,93971.4,17.61842264,93533.002,95167.70799999998,-1
2025-01-01 18:00:00,93971.4,94130.3,93780.0,94115.0,14.23598089,93576.664,95168.82449999999,-1
2025-01-01 19:00:00,94115.1,94581.2,93901.7,94440.1,63.62815613,93590.72600000001,95169.775,-1
2025-01-01 20:00:00,94440.1,94654.2,94411.1,94611.1,31.92184902,93594.256,95171.98350000002,-1
2025-01-01 21:00:00,94611.1,94888.0,94483.6,94700.0,30.81057834,93603.29199999999,95165.71600000001,-1
2025-01-01 22:00:00,94700.0,94742.4,94501.9,94647.2,13.20010472,93612.534,95152.0525,-1
2025-01-01 23:00:00,94647.2,94679.5,94348.9,94380.8,5.20680248,93662.26,95132.87100000001,-1
2025-01-02 00:00:00,94380.9,95141.2,94167.2,94893.9,71.76452509,93708.9,95114.8405,-1
2025-01-02 01:00:00,94893.9,95280.0,94579.6,94676.1,35.95566717,93750.196,95094.32500000001,-1
2025-01-02 02:00:00,94676.1,94994.9,94650.1,94978.5,12.36449922,93804.478,95076.37550000001,-1
2025-01-02 03:00:00,94978.5,95024.3,94730.7,94847.2,112.87968701,93856.724,95062.72100000002,-1
2025-01-02 04:00:00,94847.3,95819.1,94847.2,95514.1,46.21865623,93921.27,95054.185,-1
2025-01-02 05:00:00,95514.1,95595.3,95252.7,95412.0,20.91694427,93982.92799999999,95039.57449999999,-1
2025-01-02 06:00:00,95412.0,95493.0,95235.8,95409.2,4.23945858,94045.744,95023.174,-1
2025-01-02 07:00:00,95409.2,95694.6,95409.2,95694.4,21.84686144,94110.85200000001,95008.41,-1
2025-01-02 08:00:00,95694.4,96000.0,95493.9,96000.0,53.85233936,94178.03,94996.40950000001,-1
2025-01-02 09:00:00,96000.0,96600.0,95932.8,96600.0,97.75622401,94255.21200000001,94989.489,-1
2025-01-02 10:00:00,96600.0,96607.5,96500.0,96561.1,39.29518976,94311.224,94981.87250000001,-1
2025-01-02 11:00:00,96561.1,96700.0,96363.0,96558.3,65.91595538,94365.406,94974.8835,-1
2025-01-02 12:00:00,96558.3,96725.6,96500.1,96725.6,49.10822836,94421.24600000001,94967.636,-1
2025-01-02 13:00:00,96725.6,96767.3,96324.6,96328.1,66.25574046,94466.506,94958.1515,-1
2025-01-02 14:00:00,96328.1,97258.6,95900.3,97132.4,151.2262533,94521.16200000001,94954.73800000001,-1
2025-01-02 15:00:00,97148.6,97227.0,96088.0,96380.4,82.93644664,94540.08799999999,94946.5565,-1
2025-01-02 16:00:00,96380.3,97500.0,95957.9,97141.7,103.24579845,94571.82,94942.60500000003,-1
2025-01-02 17:00:00,97153.4,97442.0,96280.8,96570.0,265.26517708,94597.21800000001,94934.9315,-1
2025-01-02 18:00:00,96570.0,97199.2,96323.5,97100.0,120.12299264,94645.496,94928.87100000001,-1
2025-01-02 19:00:00,97100.0,97597.3,97099.9,97249.2,104.21711409,94711.214,94926.19100000002,-1
2025-01-02 20:00:00,97249.1,97719.9,97213.7,97266.8,127.91543799,94781.76400000001,94922.06950000001,-1
2025-01-02 21:00:00,97266.8,97266.8,96988.1,97140.0,35.41378363,94845.59,94915.89450000001,-1
2025-01-02 22:00:00,97140.1,97140.1,96587.0,96830.2,18.23983686,94913.01400000001,94907.22200000001,1
2025-01-02 23:00:00,96830.2,96918.3,96716.0,96805.2,20.92552802,94974.39600000001,94899.187,1
2025-01-03 00:00:00,96805.3,96957.7,96715.4,96724.2,50.48926339,95043.75799999999,94890.9375,1
2025-01-03 01:00:00,96724.2,96886.5,96579.0,96876.1,14.63699644,95113.86200000001,94882.9575,1
2025-01-03 02:00:00,96876.1,97174.5,96758.3,96941.1,81.88481688,95167.85,94874.4225,1
2025-01-03 03:00:00,96941.1,96988.9,96750.3,96964.3,11.77005135,95238.68399999998,94864.53199999999,1
2025-01-03 04:00:00,96964.3,96964.3,96713.1,96720.0,8.17421662,95295.582,94852.81199999999,1
2025-01-03 05:00:00,96720.1,96725.8,96558.5,96659.1,9.14809114,95356.26200000002,94844.15200000002,1
2025-01-03 06:00:00,96659.0,96772.9,96500.0,96500.0,9.35790848,95419.70599999999,94832.9755,1
2025-01-03 07:00:00,96500.1,96517.1,96247.9,96257.0,13.78973157,95472.27200000001,94817.7065,1
2025-01-03 08:00:00,96257.1,96440.4,96034.1,96075.1,64.22448536,95523.33799999999,94803.28549999998,1
2025-01-03 09:00:00,96075.1,96571.0,96055.4,96522.6,52.912727,95583.41600000001,94790.898,1
2025-01-03 10:00:00,96522.1,96534.1,96360.0,96405.6,16.27070447,95646.67,94779.69500000002,1
2025-01-03 11:00:00,96405.6,96739.7,96405.5,96715.2,19.21329366,95716.8,94768.73550000001,1
2025-01-03 12:00:00,96715.2,96772.9,96600.0,96600.1,21.9417693,95786.81199999999,94760.52049999998,1
2025-01-03 13:00:00,96600.1,96697.3,96407.1,96459.5,32.07157591,95850.44,94751.28199999999,1
2025-01-03 14:00:00,96459.5,97180.0,96459.4,96956.5,65.02057552,95917.08799999999,94746.034,1
2025-01-03 15:00:00,96956.5,97497.1,96723.7,97479.7,110.69543122,95991.008,94744.92950000001,1
2025-01-03 16:00:00,97479.6,98250.0,97348.9,97753.4,168.13179969,96066.72200000001,94754.62550000001,1
2025-01-03 17:00:00,97753.5,98170.7,97753.5,97969.7,95.97534623,96142.32,94767.614,1
2025-01-03 18:00:00,97977.1,98644.2,97977.1,98493.0,212.0041514,96235.04399999998,94783.0735,1
2025-01-03 19:00:00,98493.0,98888.0,98493.0,98550.0,65.76820798,96326.616,94797.92300000001,1
2025-01-03 20:00:00,98550.1,98735.5,98288.6,98288.6,290.21408551,96410.088,94811.4065,1
2025-01-03 21:00:00,98292.8,98394.7,98159.0,98227.2,46.09506164,96485.83,94824.59150000001,1
2025-01-03 22:00:00,98227.3,98420.0,98227.3,98264.8,40.97834457,96558.90400000001,94839.24050000001,1
2025-01-03 23:00:00,98264.8,98330.0,98030.0,98111.1,19.45966091,96627.12599999999,94849.95049999999,1
2025-01-04 00:00:00,98111.1,98203.8,97840.2,97911.1,24.24203578,96692.40400000001,94857.3705,1
2025-01-04 01:00:00,97911.1,97999.2,97773.0,97980.5,18.02547597,96764.398,94868.67,1
2025-01-04 02:00:00,97980.5,98231.0,97852.8,98230.9,120.28438402,96831.13799999999,94881.5385,1
2025-01-04 03:00:00,98231.0,98231.0,98009.7,98197.0,16.84152526,96901.556,94892.4915,1
2025-01-04 04:00:00,98190.1,98190.1,97851.8,97899.0,10.45667079,96959.966,94904.735,1
2025-01-04 05:00:00,97899.0,98153.4,97898.9,98091.0,5.02745809,97024.84199999999,94916.87799999998,1
2025-01-04 06:00:00,98091.0,98098.2,98070.0,98085.6,2.45712282,97076.27200000001,94928.55200000001,1
2025-01-04 07:00:00,98085.7,98222.0,98054.9,98175.0,22.50091914,97131.532,94941.202,1
2025-01-04 08:00:00,98175.1,98206.7,97916.3,97918.2,12.83977324,97181.712,94952.498,1
2025-01-04 09:00:00,97918.3,97925.7,97548.4,97644.1,27.2687486,97220.70599999999,94961.76850000002,1
2025-01-04 10:00:00,97644.2,97748.4,97632.2,97738.7,14.55518024,97255.48,94971.1965,1
2025-01-04 11:00:00,97738.8,97838.8,97735.0,97838.8,46.52481478,97280.256,94979.23550000001,1
2025-01-04 12:00:00,97838.8,97930.8,97759.9,97844.6,23.07829033,97305.92599999999,94987.783,1
2025-01-04 13:00:00,97844.5,97998.4,97735.0,97998.4,9.05258564,97334.728,94997.23200000002,1
2025-01-04 14:00:00,97998.4,98045.9,97810.0,98028.0,21.90444934,97360.776,95005.26200000002,1
2025-01-04 15:00:00,98028.0,98118.0,97571.6,97666.0,27.97519159,97387.534,95018.87600000002,1
2025-01-04 16:00:00,97666.1,97800.4,97552.4,97680.0,48.33588704,97398.48599999999,95029.18450000002,1
2025-01-04 17:00:00,97680.0,98000.0,97670.1,97997.1,28.95457865,97430.82,95035.87049999999,1
2025-01-04 18:00:00,97997.1,98072.0,97912.3,97941.1,24.92868958,97446.808,95043.22950000002,1
2025-01-04 19:00:00,97941.1,98348.5,97941.1,98163.2,26.20125067,97478.672,95050.2675,1
2025-01-04 20:00:00,98163.3,98612.9,98163.3,98584.9,28.80242448,97508.37,95060.40400000001,1
2025-01-04 21:00:00,98584.9,98714.8,98309.1,98336.1,37.1018585,97530.10800000001,95070.7415,1
2025-01-04 22:00:00,98336.1,98464.7,98246.7,98418.5,27.93104727,97553.142,95085.1025,1
2025-01-04 23:00:00,98418.5,98418.5,98154.1,98208.9,5.46230045,97574.52,95104.05200000001,1
2025-01-05 00:00:00,98208.9,98351.4,98146.1,98240.6,16.47754449,97602.728,95125.255,1
2025-01-05 01:00:00,98240.7,98280.1,98030.0,98079.4,25.55079254,97628.212,95144.92950000001,1
2025-01-05 02:00:00,98079.4,98170.0,98079.3,98145.3,3.16288759,97656.634,95163.42549999998,1
2025-01-05 03:00:00,98145.4,98172.1,98090.6,98116.0,2.93162206,97681.43199999999,95181.13,1
2025-01-05 04:00:00,98116.0,98432.7,98116.0,98324.9,3.69859779,97709.10800000001,95200.63350000001,1
2025-01-05 05:00:00,98325.0,98402.2,98282.4,98355.1,2.73391652,97736.924,95220.4415,1
2025-01-05 06:00:00,98355.1,98430.9,98257.1,98430.9,6.79106579,97771.142,95241.15850000002,1
2025-01-05 07:00:00,98430.9,98430.9,98285.1,98311.6,8.57957425,97804.192,95261.972,1
2025-01-05 08:00:00,98311.6,98311.6,97820.0,97820.0,16.83592893,97830.59199999999,95279.759,1
2025-01-05 09:00:00,97820.1,97837.5,97633.6,97633.6,21.92072067,97858.12400000001,95296.05050000001,1
2025-01-05 10:00:00,97633.7,97712.9,97554.3,97695.4,14.25151786,97890.53,95313.515,1
2025-01-05 11:00:00,97695.5,97778.0,97600.5,97600.6,8.07296106,97912.09,95329.21650000001,1
2025-01-05 12:00:00,97600.6,97860.0,97560.5,97778.0,8.00006585,97939.538,95346.0665,1
2025-01-05 13:00:00,97778.1,97974.0,97683.3,97683.4,26.7663442,97958.90199999999,95361.908,1
2025-01-05 14:00:00,97683.4,97850.0,97250.0,97843.7,60.83520499,97983.774,95379.6265,1
2025-01-05 15:00:00,97843.7,98160.0,97702.2,97993.7,59.87856409,98014.45800000001,95398.76950000001,1
2025-01-05 16:00:00,97993.7,98291.6,97906.1,98013.9,21.14318496,98035.60600000001,95417.24900000001,1
2025-01-05 17:00:00,98013.9,98013.9,97700.6,97700.7,10.2081205,98040.026,95433.2775,1
2025-01-05 18:00:00,97700.7,97902.8,97595.3,97889.9,11.51420519,98042.756,95450.18800000001,1
2025-01-05 19:00:00,97889.7,98028.3,97845.3,98000.0,21.27926986,98043.36200000001,95467.0875,1
2025-01-05 20:00:00,98000.0,98583.9,97999.9,98234.0,23.12387209,98038.18200000002,95486.04550000001,1
2025-01-05 21:00:00,98234.0,98495.1,98233.9,98454.9,18.11848475,98036.28,95505.877,1
2025-01-05 22:00:00,98455.0,98662.0,98336.1,98662.0,17.42554718,98043.74799999999,95527.09300000001,1
2025-01-05 23:00:00,98662.0,98750.0,98299.9,98306.2,28.00434852,98045.328,95547.37400000001,1
2025-01-06 00:00:00,98306.3,98700.0,98223.7,98223.8,35.87319694,98044.50799999999,95565.0625,1
2025-01-06 01:00:00,98223.7,98750.0,97974.0,98703.2,18.72365849,98056.35,95584.25799999999,1
2025-01-06 02:00:00,98703.2,99200.0,98689.0,98779.8,73.01707257,98073.72399999999,95604.795,1
2025-01-06 03:00:00,98780.3,99150.1,98744.1,98981.9,28.58386599,98093.752,95625.42000000001,1
2025-01-06 04:00:00,98982.0,99403.5,98982.0,99403.4,31.1027823,98117.202,95647.9045,1
2025-01-06 05:00:00,99403.5,99853.0,99371.9,99569.9,102.55669367,98144.66,95670.799,1
2025-01-06 06:00:00,99569.9,99694.0,99416.7,99459.0,38.05641091,98175.86,95692.034,1
2025-01-06 07:00:00,99459.0,99495.7,99210.0,99301.5,8.40966836,98200.07,95712.521,1
2025-01-06 08:00:00,99301.6,99540.1,98999.2,99049.9,48.21855123,98219.356,95732.894,1
2025-01-06 09:00:00,99050.0,99183.0,98933.6,98963.6,42.04120537,98235.12799999998,95754.0865,1
2025-01-06 10:00:00,98963.7,98975.8,98709.3,98714.1,37.92721518,98251.046,95772.72700000001,1
2025-01-06 11:00:00,98714.2,99308.1,98714.1,99200.0,24.24009205,98282.164,95793.72700000001,1
2025-01-06 12:00:00,99200.0,99653.0,99120.6,99130.8,74.97580495,98310.006,95814.5715,1
2025-01-06 13:00:00,99130.8,99485.1,98865.7,99482.5,30.34732088,98342.88,95837.22350000002,1
2025-01-06 14:00:00,99482.5,101200.0,98714.1,100686.7,276.59908975,98399.72200000001,95865.66200000001,1
2025-01-06 15:00:00,100718.5,102404.3,100510.0,102129.9,356.92362744,98482.352,95901.1465,1
2025-01-06 16:00:00,102129.9,102479.6,101777.6,102170.1,232.37124888,98565.194,95937.04400000001,1
2025-01-06 17:00:00,102170.2,102170.2,101305.4,101800.0,92.77912631,98647.87400000001,95970.89349999999,1
2025-01-06 18:00:00,101800.0,102025.0,101602.1,101799.7,111.82778843,98730.26799999998,96004.883,1
2025-01-06 19:00:00,101799.8,102074.8,101682.9,101850.0,100.26453679,98807.326,96039.44,1
2025-01-06 20:00:00,101849.9,102399.6,101849.9,102202.8,366.86538132,98892.56,96076.61450000001,1
2025-01-06 21:00:00,102196.0,102380.5,101647.0,101673.2,70.79160251,98962.75999999998,96111.2305,1
2025-01-06 22:00:00,101673.2,102072.0,101652.8,102048.1,30.4635255,99032.024,96148.97100000002,1
2025-01-06 23:00:00,102048.1,102222.0,101932.9,102222.0,43.15119395,99109.742,96187.9505,1
2025-01-07 00:00:00,102222.0,102759.3,102037.4,102066.7,123.3799062,99182.70599999999,96229.5565,1
2025-01-07 01:00:00,102066.7,102090.2,101800.0,101887.1,53.94026779,99256.27,96270.06750000002,1
2025-01-07 02:00:00,101887.1,102046.9,101764.7,101764.7,13.78413964,99326.752,96311.39050000001,1
2025-01-07 03:00:00,101764.8,101853.2,101614.0,101699.9,19.04549936,99399.162,96352.6055,1
2025-01-07 04:00:00,101700.0,101900.0,101700.0,101728.0,18.29917597,99470.81599999999,96392.9015,1
2025-01-07 05:00:00,101728.0,101800.0,101655.8,101741.8,16.14738482,99543.33200000001,96435.2455,1
2025-01-07 06:00:00,101741.8,101900.0,101653.4,101790.0,11.25665488,99612.634,96479.445,1
2025-01-07 07:00:00,101790.1,101984.9,101693.6,101693.7,33.96601775,99679.406,96520.15849999999,1
2025-01-07 08:00:00,101693.7,101937.2,101688.0,101900.4,15.35137533,99748.796,96562.91000000002,1
2025-01-07 09:00:00,101900.4,101902.8,101647.6,101705.2,32.9577248,99816.668,96602.71600000001,1
2025-01-07 10:00:00,101705.2,101705.2,101375.0,101419.8,52.0075169,99888.664,96641.36500000002,1
2025-01-07 11:00:00,101419.8,101443.9,100448.9,100851.1,65.73951247,99953.01399999998,96678.01449999999,1
2025-01-07 12:00:00,100851.1,100956.0,100641.8,100800.0,14.10230002,100015.106,96716.51550000001,1
2025-01-07 13:00:00,100800.1,100939.5,100620.9,100630.2,45.20505707,100075.69799999999,96753.131,1
2025-01-07 14:00:00,100630.2,100852.7,99800.0,99984.6,69.71769107,100119.83,96784.65400000001,1
2025-01-07 15:00:00,99978.0,100050.0,97064.9,97900.0,556.92155616,100124.16200000001,96806.3485,1
2025-01-07 16:00:00,97900.1,98300.0,97513.4,97711.9,185.15074251,100121.526,96826.59150000001,1
2025-01-07 17:00:00,97720.7,97757.2,96505.9,97236.9,290.0357363,100106.39,96844.33050000001,1
2025-01-07 18:00:00,97237.0,97443.1,96593.2,96694.0,204.69358834,100079.992,96859.618,1
2025-01-07 19:00:00,96694.0,97120.0,96326.0,96458.4,84.42045391,100055.146,96873.2085,1
2025-01-07 20:00:00,96458.4,96700.0,96100.0,96479.1,165.03273747,100026.93,96887.49900000001,1
2025-01-07 21:00:00,96424.4,97023.0,96414.6,96463.4,90.95288916,99996.19799999999,96907.364,1
2025-01-07 22:00:00,96463.4,97174.0,96370.8,97166.7,92.86860436,99974.852,96935.036,1
2025-01-07 23:00:00,97166.8,97166.8,96782.7,96932.2,67.89469561,99944.398,96960.07400000001,1
2025-01-08 00:00:00,96932.2,97232.8,96688.8,97232.8,79.90373691,99915.814,96986.5785,1
2025-01-08 01:00:00,97232.8,97232.8,96580.1,96855.3,47.27648456,99886.796,97002.17,1
2025-01-08 02:00:00,96855.4,97130.0,96800.0,96909.9,22.84600505,99860.51800000001,97014.5465,1
2025-01-08 03:00:00,96910.0,96910.0,96191.9,96499.1,75.38913598,99816.436,97025.80099999999,1
2025-01-08 04:00:00,96503.1,96581.9,96100.0,96233.7,29.29213416,99765.51400000001,97036.04400000001,1
2025-01-08 05:00:00,96233.8,96602.6,96057.3,96450.2,19.81454471,99714.88,97058.8225,1
2025-01-08 06:00:00,96450.4,96594.9,95300.0,95300.0,94.44299171,99632.81199999999,97072.513,1
2025-01-08 07:00:00,95300.1,95765.1,95276.9,95676.7,30.02440976,99554.948,97087.84,1
2025-01-08 08:00:00,95676.7,96084.6,95495.6,95913.2,37.62658052,99484.032,97106.084,1
2025-01-08 09:00:00,95913.2,96024.2,95418.2,95418.3,40.35992782,99406.368,97122.00100000002,1
2025-01-08 10:00:00,95418.3,95951.7,95418.3,95951.7,25.10775752,99344.40400000001,97140.3255,1
2025-01-08 11:00:00,95951.7,96000.0,94500.3,95088.9,149.35625767,99266.91,97154.12449999999,1
2025-01-08 12:00:00,95081.1,95292.4,94821.8,94841.0,97.79536716,99189.44799999999,97166.9875,1
2025-01-08 13:00:00,94853.1,95611.0,94853.1,95341.2,109.19709946,99112.272,97181.49850000002,1
2025-01-08 14:00:00,95330.9,95797.3,94904.4,95257.9,266.10930855,99034.814,97194.5825,1
2025-01-08 15:00:00,95259.5,96000.0,94608.8,95406.8,202.84855981,98953.3,97207.91200000001,1
2025-01-08 16:00:00,95406.7,95462.9,94560.7,94763.5,84.89332286,98834.836,97212.92700000001,1
2025-01-08 17:00:00,94763.5,94763.5,92501.0,94032.2,550.56543461,98672.88200000001,97213.842,1
2025-01-08 18:00:00,94032.2,95058.1,93750.0,94216.5,293.34879837,98513.81,97215.2565,1
2025-01-08 19:00:00,94226.1,94829.7,94032.3,94250.6,93.86147246,98362.82199999999,97216.18400000001,1
2025-01-08 20:00:00,94250.6,94369.0,93747.9,94001.1,32.81713569,98206.85,97214.1915,1
